{"v":"5.6.8","fr":60,"ip":0,"op":121,"w":48,"h":48,"nm":"email","ddd":0,"assets":[],"layers":[{"ddd":0,"ind":1,"ty":4,"nm":"Line right","parent":6,"sr":1,"ks":{"o":{"a":0,"k":100,"ix":11},"r":{"a":0,"k":0,"ix":10},"p":{"a":1,"k":[{"i":{"x":0.21,"y":0.21},"o":{"x":0.21,"y":0.21},"t":0,"s":[16.976,6.5,0],"e":[16.976,6.5,0],"to":[0,0,0],"ti":[0,0,0]},{"i":{"x":0.19,"y":0.19},"o":{"x":0.21,"y":0.21},"t":20,"s":[16.976,6.5,0],"e":[16.976,6.5,0],"to":[0,0,0],"ti":[0,0,0]},{"t":24}],"ix":2},"a":{"a":0,"k":[5.976,4.405,0],"ix":1},"s":{"a":0,"k":[100,100,100],"ix":6}},"ao":0,"shapes":[{"ty":"gr","it":[{"ind":0,"ty":"sh","ix":1,"ks":{"a":1,"k":[{"i":{"x":0.21,"y":1},"o":{"x":0.21,"y":0},"t":0,"s":[{"i":[[0,0],[0,0]],"o":[[0,0],[0,0]],"v":[[-4.976,3.405],[4.976,-3.405]],"c":false}],"e":[{"i":[[0,0],[-1.796,2.011]],"o":[[5.969,-1.799],[0,0]],"v":[[-4.976,3.405],[4.976,-3.405]],"c":false}]},{"i":{"x":0.7,"y":1},"o":{"x":0.3,"y":0},"t":20,"s":[{"i":[[0,0],[-1.796,2.011]],"o":[[5.969,-1.799],[0,0]],"v":[[-4.976,3.405],[4.976,-3.405]],"c":false}],"e":[{"i":[[0,0],[-1.796,2.011]],"o":[[5.969,-1.799],[0,0]],"v":[[-4.976,3.405],[4.976,-3.405]],"c":false}]},{"i":{"x":0.19,"y":1},"o":{"x":0.12,"y":0},"t":24,"s":[{"i":[[0,0],[-1.796,2.011]],"o":[[5.969,-1.799],[0,0]],"v":[[-4.976,3.405],[4.976,-3.405]],"c":false}],"e":[{"i":[[0,0],[-2.639,-2.949]],"o":[[4.178,2.294],[0,0]],"v":[[-4.998,-11.376],[4.007,-4.414]],"c":false}]},{"i":{"x":0.81,"y":1},"o":{"x":0.3,"y":0},"t":32,"s":[{"i":[[0,0],[-2.639,-2.949]],"o":[[4.178,2.294],[0,0]],"v":[[-4.998,-11.376],[4.007,-4.414]],"c":false}],"e":[{"i":[[0,0],[0,0]],"o":[[4.334,1.357],[0,0]],"v":[[-4.873,-11.064],[4.945,-3.946]],"c":false}]},{"i":{"x":0.833,"y":1},"o":{"x":0.8,"y":0},"t":44,"s":[{"i":[[0,0],[0,0]],"o":[[4.334,1.357],[0,0]],"v":[[-4.873,-11.064],[4.945,-3.946]],"c":false}],"e":[{"i":[[0,0],[0,0]],"o":[[3.219,2.553],[0,0]],"v":[[-4.889,-12.863],[5.221,-3.969]],"c":false}]},{"i":{"x":0.81,"y":1},"o":{"x":0.167,"y":0},"t":50,"s":[{"i":[[0,0],[0,0]],"o":[[3.219,2.553],[0,0]],"v":[[-4.889,-12.863],[5.221,-3.969]],"c":false}],"e":[{"i":[[0,0],[0,0]],"o":[[4.519,2.513],[0,0]],"v":[[-4.808,-9.47],[4.913,-4.058]],"c":false}]},{"i":{"x":0.667,"y":1},"o":{"x":0.8,"y":0},"t":56,"s":[{"i":[[0,0],[0,0]],"o":[[4.519,2.513],[0,0]],"v":[[-4.808,-9.47],[4.913,-4.058]],"c":false}],"e":[{"i":[[0,0],[0,0]],"o":[[5.109,2.138],[0,0]],"v":[[-4.919,-12.033],[5.351,-4.058]],"c":false}]},{"i":{"x":0.667,"y":1},"o":{"x":0.333,"y":0},"t":64,"s":[{"i":[[0,0],[0,0]],"o":[[5.109,2.138],[0,0]],"v":[[-4.919,-12.033],[5.351,-4.058]],"c":false}],"e":[{"i":[[0,0],[0,0]],"o":[[4.068,2.576],[0,0]],"v":[[-4.888,-10.345],[4.132,-4.371]],"c":false}]},{"i":{"x":0.667,"y":1},"o":{"x":0.333,"y":0},"t":76,"s":[{"i":[[0,0],[0,0]],"o":[[4.068,2.576],[0,0]],"v":[[-4.888,-10.345],[4.132,-4.371]],"c":false}],"e":[{"i":[[0,0],[-2.428,-1.68]],"o":[[3.957,2.544],[0,0]],"v":[[-4.901,-10.189],[5.014,-3.683]],"c":false}]},{"t":86}],"ix":2},"nm":"Path 1","mn":"ADBE Vector Shape - Group","hd":false},{"ty":"st","c":{"a":0,"k":[0,0,0,1],"ix":3},"o":{"a":0,"k":100,"ix":4},"w":{"a":0,"k":2,"ix":5},"lc":2,"lj":2,"bm":0,"nm":"Stroke 1","mn":"ADBE Vector Graphic - Stroke","hd":false},{"ty":"tr","p":{"a":0,"k":[5.976,4.405],"ix":2},"a":{"a":0,"k":[0,0],"ix":1},"s":{"a":0,"k":[100,100],"ix":3},"r":{"a":0,"k":0,"ix":6},"o":{"a":0,"k":100,"ix":7},"sk":{"a":0,"k":0,"ix":4},"sa":{"a":0,"k":0,"ix":5},"nm":"Transform"}],"nm":"Group 1","np":2,"cix":2,"bm":0,"ix":1,"mn":"ADBE Vector Group","hd":false}],"ip":0,"op":300,"st":0,"bm":0},{"ddd":0,"ind":2,"ty":4,"nm":"Line left","parent":6,"sr":1,"ks":{"o":{"a":0,"k":100,"ix":11},"r":{"a":0,"k":0,"ix":10},"p":{"a":1,"k":[{"i":{"x":0.21,"y":0.21},"o":{"x":0.21,"y":0.21},"t":0,"s":[7.024,6.5,0],"e":[7.024,6.5,0],"to":[0,0,0],"ti":[0,0,0]},{"i":{"x":0.19,"y":0.19},"o":{"x":0.21,"y":0.21},"t":20,"s":[7.024,6.5,0],"e":[7.024,6.5,0],"to":[0,0,0],"ti":[0,0,0]},{"t":24}],"ix":2},"a":{"a":0,"k":[5.976,4.405,0],"ix":1},"s":{"a":0,"k":[100,100,100],"ix":6}},"ao":0,"shapes":[{"ty":"gr","it":[{"ind":0,"ty":"sh","ix":1,"ks":{"a":1,"k":[{"i":{"x":0.21,"y":1},"o":{"x":0.21,"y":0},"t":0,"s":[{"i":[[0,0],[0,0]],"o":[[0,0],[0,0]],"v":[[4.976,3.405],[-4.976,-3.405]],"c":false}],"e":[{"i":[[0,0],[1.827,2.011]],"o":[[-5.938,-1.799],[0,0]],"v":[[4.976,3.405],[-4.976,-3.405]],"c":false}]},{"i":{"x":0.7,"y":1},"o":{"x":0.3,"y":0},"t":20,"s":[{"i":[[0,0],[1.827,2.011]],"o":[[-5.938,-1.799],[0,0]],"v":[[4.976,3.405],[-4.976,-3.405]],"c":false}],"e":[{"i":[[0,0],[1.827,2.011]],"o":[[-5.938,-1.799],[0,0]],"v":[[4.976,3.405],[-4.976,-3.405]],"c":false}]},{"i":{"x":0.19,"y":1},"o":{"x":0.12,"y":0},"t":24,"s":[{"i":[[0,0],[1.827,2.011]],"o":[[-5.938,-1.799],[0,0]],"v":[[4.976,3.405],[-4.976,-3.405]],"c":false}],"e":[{"i":[[0,0],[2.952,-2.886]],"o":[[-4.462,1.638],[0,0]],"v":[[5.031,-11.283],[-4.163,-5.164]],"c":false}]},{"i":{"x":0.81,"y":1},"o":{"x":0.3,"y":0},"t":32,"s":[{"i":[[0,0],[2.952,-2.886]],"o":[[-4.462,1.638],[0,0]],"v":[[5.031,-11.283],[-4.163,-5.164]],"c":false}],"e":[{"i":[[0,0],[0,0]],"o":[[-4.587,1.638],[0,0]],"v":[[4.954,-10.751],[-4.935,-4.789]],"c":false}]},{"i":{"x":0.833,"y":1},"o":{"x":0.8,"y":0},"t":44,"s":[{"i":[[0,0],[0,0]],"o":[[-4.587,1.638],[0,0]],"v":[[4.954,-10.751],[-4.935,-4.789]],"c":false}],"e":[{"i":[[0,0],[0,0]],"o":[[-3.919,2.778],[0,0]],"v":[[4.963,-12.776],[-5.166,-4.755]],"c":false}]},{"i":{"x":0.81,"y":1},"o":{"x":0.167,"y":0},"t":50,"s":[{"i":[[0,0],[0,0]],"o":[[-3.919,2.778],[0,0]],"v":[[4.963,-12.776],[-5.166,-4.755]],"c":false}],"e":[{"i":[[0,0],[0,0]],"o":[[-4.932,2.388],[0,0]],"v":[[4.97,-9.626],[-5.029,-4.59]],"c":false}]},{"i":{"x":0.667,"y":1},"o":{"x":0.8,"y":0},"t":56,"s":[{"i":[[0,0],[0,0]],"o":[[-4.932,2.388],[0,0]],"v":[[4.97,-9.626],[-5.029,-4.59]],"c":false}],"e":[{"i":[[0,0],[0,0]],"o":[[-4.932,2.638],[0,0]],"v":[[4.988,-11.814],[-5.185,-4.477]],"c":false}]},{"i":{"x":0.667,"y":1},"o":{"x":0.333,"y":0},"t":64,"s":[{"i":[[0,0],[0,0]],"o":[[-4.932,2.638],[0,0]],"v":[[4.988,-11.814],[-5.185,-4.477]],"c":false}],"e":[{"i":[[0,0],[0,0]],"o":[[-4.403,2.822],[0,0]],"v":[[4.613,-10.357],[-3.998,-4.768]],"c":false}]},{"i":{"x":0.667,"y":1},"o":{"x":0.333,"y":0},"t":76,"s":[{"i":[[0,0],[0,0]],"o":[[-4.403,2.822],[0,0]],"v":[[4.613,-10.357],[-3.998,-4.768]],"c":false}],"e":[{"i":[[0,0],[0,0]],"o":[[-4.168,2.419],[0,0]],"v":[[4.957,-9.97],[-4.947,-4.19]],"c":false}]},{"t":86}],"ix":2},"nm":"Path 1","mn":"ADBE Vector Shape - Group","hd":false},{"ty":"st","c":{"a":0,"k":[0,0,0,1],"ix":3},"o":{"a":0,"k":100,"ix":4},"w":{"a":0,"k":2,"ix":5},"lc":2,"lj":1,"ml":4,"bm":0,"nm":"Stroke 1","mn":"ADBE Vector Graphic - Stroke","hd":false},{"ty":"tr","p":{"a":0,"k":[5.976,4.405],"ix":2},"a":{"a":0,"k":[0,0],"ix":1},"s":{"a":0,"k":[100,100],"ix":3},"r":{"a":0,"k":0,"ix":6},"o":{"a":0,"k":100,"ix":7},"sk":{"a":0,"k":0,"ix":4},"sa":{"a":0,"k":0,"ix":5},"nm":"Transform"}],"nm":"Group 1","np":2,"cix":2,"bm":0,"ix":1,"mn":"ADBE Vector Group","hd":false}],"ip":0,"op":300,"st":0,"bm":0},{"ddd":0,"ind":3,"ty":4,"nm":"Line right 2","parent":6,"sr":1,"ks":{"o":{"a":0,"k":100,"ix":11},"r":{"a":0,"k":0,"ix":10},"p":{"a":0,"k":[16.976,6.5,0],"ix":2},"a":{"a":0,"k":[5.976,4.405,0],"ix":1},"s":{"a":0,"k":[100,100,100],"ix":6}},"ao":0,"shapes":[{"ty":"gr","it":[{"ind":0,"ty":"sh","ix":1,"ks":{"a":1,"k":[{"i":{"x":0.19,"y":1},"o":{"x":0.12,"y":0},"t":24,"s":[{"i":[[0,0],[-1.796,2.011]],"o":[[5.969,-1.799],[0,0]],"v":[[-4.976,3.405],[4.976,-3.405]],"c":false}],"e":[{"i":[[0,0],[-1.889,4.02]],"o":[[4.976,-0.034],[0,0]],"v":[[-4.889,2.639],[3.882,-3.414]],"c":false}]},{"i":{"x":0.81,"y":1},"o":{"x":0.3,"y":0},"t":32,"s":[{"i":[[0,0],[-1.889,4.02]],"o":[[4.976,-0.034],[0,0]],"v":[[-4.889,2.639],[3.882,-3.414]],"c":false}],"e":[{"i":[[0,0],[0,0]],"o":[[5.969,0.107],[0,0]],"v":[[-4.976,3.405],[4.945,-3.852]],"c":false}]},{"i":{"x":0.833,"y":1},"o":{"x":0.8,"y":0},"t":44,"s":[{"i":[[0,0],[0,0]],"o":[[5.969,0.107],[0,0]],"v":[[-4.976,3.405],[4.945,-3.852]],"c":false}],"e":[{"i":[[0,0],[-0.331,0.371]],"o":[[5.969,-0.245],[0,0]],"v":[[-4.983,2.342],[4.951,-3.77]],"c":false}]},{"i":{"x":0.81,"y":1},"o":{"x":0.167,"y":0},"t":50,"s":[{"i":[[0,0],[-0.331,0.371]],"o":[[5.969,-0.245],[0,0]],"v":[[-4.983,2.342],[4.951,-3.77]],"c":false}],"e":[{"i":[[0,0],[-1.796,2.011]],"o":[[5.969,-1.799],[0,0]],"v":[[-4.998,1.655],[4.976,-3.405]],"c":false}]},{"i":{"x":0.667,"y":1},"o":{"x":0.8,"y":0},"t":56,"s":[{"i":[[0,0],[-1.796,2.011]],"o":[[5.969,-1.799],[0,0]],"v":[[-4.998,1.655],[4.976,-3.405]],"c":false}],"e":[{"i":[[0,0],[-1.796,2.011]],"o":[[5.969,-1.799],[0,0]],"v":[[-4.983,1.78],[4.976,-3.405]],"c":false}]},{"i":{"x":0.667,"y":1},"o":{"x":0.333,"y":0},"t":64,"s":[{"i":[[0,0],[-1.796,2.011]],"o":[[5.969,-1.799],[0,0]],"v":[[-4.983,1.78],[4.976,-3.405]],"c":false}],"e":[{"i":[[0,0],[-2.553,1.676]],"o":[[5.015,-3.018],[0,0]],"v":[[-4.991,1.624],[4.921,-4.571]],"c":false}]},{"i":{"x":0.667,"y":1},"o":{"x":0.333,"y":0},"t":76,"s":[{"i":[[0,0],[-2.553,1.676]],"o":[[5.015,-3.018],[0,0]],"v":[[-4.991,1.624],[4.921,-4.571]],"c":false}],"e":[{"i":[[0,0],[-1.796,1.354]],"o":[[3.459,-2.268],[0,0]],"v":[[-4.998,2.561],[4.952,-4.28]],"c":false}]},{"t":86}],"ix":2},"nm":"Path 1","mn":"ADBE Vector Shape - Group","hd":false},{"ty":"st","c":{"a":0,"k":[0,0,0,1],"ix":3},"o":{"a":0,"k":100,"ix":4},"w":{"a":0,"k":2,"ix":5},"lc":2,"lj":2,"bm":0,"nm":"Stroke 1","mn":"ADBE Vector Graphic - Stroke","hd":false},{"ty":"tr","p":{"a":0,"k":[5.976,4.405],"ix":2},"a":{"a":0,"k":[0,0],"ix":1},"s":{"a":0,"k":[100,100],"ix":3},"r":{"a":0,"k":0,"ix":6},"o":{"a":0,"k":100,"ix":7},"sk":{"a":0,"k":0,"ix":4},"sa":{"a":0,"k":0,"ix":5},"nm":"Transform"}],"nm":"Group 1","np":2,"cix":2,"bm":0,"ix":1,"mn":"ADBE Vector Group","hd":false}],"ip":24,"op":300,"st":0,"bm":0},{"ddd":0,"ind":4,"ty":4,"nm":"Line left 2","parent":6,"sr":1,"ks":{"o":{"a":0,"k":100,"ix":11},"r":{"a":0,"k":0,"ix":10},"p":{"a":0,"k":[7.024,6.5,0],"ix":2},"a":{"a":0,"k":[5.976,4.405,0],"ix":1},"s":{"a":0,"k":[100,100,100],"ix":6}},"ao":0,"shapes":[{"ty":"gr","it":[{"ind":0,"ty":"sh","ix":1,"ks":{"a":1,"k":[{"i":{"x":0.19,"y":1},"o":{"x":0.12,"y":0},"t":24,"s":[{"i":[[0,0],[1.827,2.011]],"o":[[-5.938,-1.799],[0,0]],"v":[[4.976,3.405],[-4.976,-3.405]],"c":false}],"e":[{"i":[[0,0],[2.077,4.02]],"o":[[-4.993,0.044],[0,0]],"v":[[4.969,2.561],[-3.882,-3.414]],"c":false}]},{"i":{"x":0.81,"y":1},"o":{"x":0.3,"y":0},"t":32,"s":[{"i":[[0,0],[2.077,4.02]],"o":[[-4.993,0.044],[0,0]],"v":[[4.969,2.561],[-3.882,-3.414]],"c":false}],"e":[{"i":[[0,0],[0,0]],"o":[[-5,-0.018],[0,0]],"v":[[4.976,3.405],[-4.32,-3.446]],"c":false}]},{"i":{"x":0.833,"y":1},"o":{"x":0.8,"y":0},"t":44,"s":[{"i":[[0,0],[0,0]],"o":[[-5,-0.018],[0,0]],"v":[[4.976,3.405],[-4.32,-3.446]],"c":false}],"e":[{"i":[[0,0],[0.337,0.371]],"o":[[-5.173,-0.347],[0,0]],"v":[[4.969,2.342],[-4.441,-3.438]],"c":false}]},{"i":{"x":0.81,"y":1},"o":{"x":0.167,"y":0},"t":50,"s":[{"i":[[0,0],[0.337,0.371]],"o":[[-5.173,-0.347],[0,0]],"v":[[4.969,2.342],[-4.441,-3.438]],"c":false}],"e":[{"i":[[0,0],[1.827,2.011]],"o":[[-5.938,-1.799],[0,0]],"v":[[4.954,1.717],[-4.976,-3.405]],"c":false}]},{"i":{"x":0.667,"y":1},"o":{"x":0.8,"y":0},"t":56,"s":[{"i":[[0,0],[1.827,2.011]],"o":[[-5.938,-1.799],[0,0]],"v":[[4.954,1.717],[-4.976,-3.405]],"c":false}],"e":[{"i":[[0,0],[1.827,2.011]],"o":[[-5.938,-1.799],[0,0]],"v":[[4.906,1.987],[-4.976,-3.405]],"c":false}]},{"i":{"x":0.667,"y":1},"o":{"x":0.333,"y":0},"t":64,"s":[{"i":[[0,0],[1.827,2.011]],"o":[[-5.938,-1.799],[0,0]],"v":[[4.906,1.987],[-4.976,-3.405]],"c":false}],"e":[{"i":[[0,0],[2.099,1.448]],"o":[[-5.298,-3.194],[0,0]],"v":[[4.899,1.799],[-5.06,-4.405]],"c":false}]},{"i":{"x":0.667,"y":1},"o":{"x":0.333,"y":0},"t":76,"s":[{"i":[[0,0],[2.099,1.448]],"o":[[-5.298,-3.194],[0,0]],"v":[[4.899,1.799],[-5.06,-4.405]],"c":false}],"e":[{"i":[[0,0],[2.13,1.604]],"o":[[-3.416,-2.35],[0,0]],"v":[[4.892,2.706],[-4.966,-4.249]],"c":false}]},{"t":86}],"ix":2},"nm":"Path 1","mn":"ADBE Vector Shape - Group","hd":false},{"ty":"st","c":{"a":0,"k":[0,0,0,1],"ix":3},"o":{"a":0,"k":100,"ix":4},"w":{"a":0,"k":2,"ix":5},"lc":2,"lj":1,"ml":4,"bm":0,"nm":"Stroke 1","mn":"ADBE Vector Graphic - Stroke","hd":false},{"ty":"tr","p":{"a":0,"k":[5.976,4.405],"ix":2},"a":{"a":0,"k":[0,0],"ix":1},"s":{"a":0,"k":[100,100],"ix":3},"r":{"a":0,"k":0,"ix":6},"o":{"a":0,"k":100,"ix":7},"sk":{"a":0,"k":0,"ix":4},"sa":{"a":0,"k":0,"ix":5},"nm":"Transform"}],"nm":"Group 1","np":2,"cix":2,"bm":0,"ix":1,"mn":"ADBE Vector Group","hd":false}],"ip":24,"op":300,"st":0,"bm":0},{"ddd":0,"ind":5,"ty":4,"nm":"Paper","parent":6,"sr":1,"ks":{"o":{"a":0,"k":100,"ix":11},"r":{"a":0,"k":0,"ix":10},"p":{"a":0,"k":[11.938,2.362,0],"ix":2},"a":{"a":0,"k":[10,5.105,0],"ix":1},"s":{"a":0,"k":[90,90,100],"ix":6}},"ao":0,"shapes":[{"ty":"gr","it":[{"ind":0,"ty":"sh","ix":1,"ks":{"a":1,"k":[{"i":{"x":0.19,"y":1},"o":{"x":0.333,"y":0},"t":20,"s":[{"i":[[0,0],[0,0],[0.553,0],[0,0],[0,0],[0,-0.553],[0,0]],"o":[[0,0],[0,-0.553],[0,0],[0,0],[-0.552,0],[0,0],[0,0]],"v":[[7.958,4.424],[7.965,4.458],[6.847,5.298],[0.208,8.596],[-6.188,5.541],[-7.653,4.249],[-7.681,4.39]],"c":false}],"e":[{"i":[[0,0],[0,0],[0.553,0],[0,0],[0,0],[0,-0.553],[0,0]],"o":[[0,0],[0,-0.553],[0,0],[0,0],[-0.552,0],[0,0],[0,0]],"v":[[7.958,4.424],[7.965,4.458],[6.847,5.298],[0.208,8.596],[-6.188,5.541],[-7.653,4.249],[-7.681,4.39]],"c":false}]},{"i":{"x":0.19,"y":1},"o":{"x":0.11,"y":0},"t":24,"s":[{"i":[[0,0],[0,0],[0.553,0],[0,0],[0,0],[0,-0.553],[0,0]],"o":[[0,0],[0,-0.553],[0,0],[0,0],[-0.552,0],[0,0],[0,0]],"v":[[7.958,4.424],[7.965,4.458],[6.847,5.298],[0.208,8.596],[-6.188,5.541],[-7.653,4.249],[-7.681,4.39]],"c":false}],"e":[{"i":[[0,0],[0,0],[0.553,0],[0,0],[0,0],[0,-0.553],[0,0]],"o":[[0,0],[0,-0.553],[0,0],[0,0],[-0.552,0],[0,0],[0,0]],"v":[[8.007,2.029],[8,-2.105],[7,-3.105],[0.104,-3.105],[-7,-3.105],[-8,-2.105],[-8.014,2.202]],"c":false}]},{"i":{"x":0.667,"y":1},"o":{"x":0.3,"y":0},"t":32,"s":[{"i":[[0,0],[0,0],[0.553,0],[0,0],[0,0],[0,-0.553],[0,0]],"o":[[0,0],[0,-0.553],[0,0],[0,0],[-0.552,0],[0,0],[0,0]],"v":[[8.007,2.029],[8,-2.105],[7,-3.105],[0.104,-3.105],[-7,-3.105],[-8,-2.105],[-8.014,2.202]],"c":false}],"e":[{"i":[[0,0],[0,0],[0.553,0],[2.299,0],[0,0],[0,-0.553],[0.111,-2.286]],"o":[[-0.181,-2.925],[0,-0.553],[0,0],[-2.368,0],[-0.552,0],[0,0],[0,0]],"v":[[8.896,3.612],[8.085,-3.627],[7.085,-4.627],[0.281,-4.689],[-7.054,-4.571],[-8.054,-3.571],[-8.41,3.494]],"c":false}]},{"i":{"x":0.833,"y":1},"o":{"x":0.8,"y":0},"t":44,"s":[{"i":[[0,0],[0,0],[0.553,0],[2.299,0],[0,0],[0,-0.553],[0.111,-2.286]],"o":[[-0.181,-2.925],[0,-0.553],[0,0],[-2.368,0],[-0.552,0],[0,0],[0,0]],"v":[[8.896,3.612],[8.085,-3.627],[7.085,-4.627],[0.281,-4.689],[-7.054,-4.571],[-8.054,-3.571],[-8.41,3.494]],"c":false}],"e":[{"i":[[0,0],[0,0],[0.553,0],[2.299,0],[0,0],[0,-0.553],[0.526,-1.793]],"o":[[-0.514,-2.081],[0,-0.553],[0,0],[-2.368,0],[-0.552,0],[0,0],[0,0]],"v":[[8.728,3.808],[8.059,-1.843],[7.059,-2.843],[0.229,-3.655],[-7.054,-2.798],[-8.054,-1.798],[-8.335,3.706]],"c":false}]},{"i":{"x":0.8,"y":1},"o":{"x":0.167,"y":0},"t":50,"s":[{"i":[[0,0],[0,0],[0.553,0],[2.299,0],[0,0],[0,-0.553],[0.526,-1.793]],"o":[[-0.514,-2.081],[0,-0.553],[0,0],[-2.368,0],[-0.552,0],[0,0],[0,0]],"v":[[8.728,3.808],[8.059,-1.843],[7.059,-2.843],[0.229,-3.655],[-7.054,-2.798],[-8.054,-1.798],[-8.335,3.706]],"c":false}],"e":[{"i":[[0,0],[0,0],[0.553,0],[2.299,0],[0,0],[0,-0.553],[0,0]],"o":[[0,0],[0,-0.553],[0,0],[-2.368,0],[-0.552,0],[0,0],[0,0]],"v":[[8,3.14],[8.014,-0.265],[7.014,-1.265],[0.042,0.367],[-6.986,-1.265],[-7.986,-0.265],[-7.993,2.862]],"c":false}]},{"i":{"x":0.667,"y":1},"o":{"x":0.3,"y":0},"t":56,"s":[{"i":[[0,0],[0,0],[0.553,0],[2.299,0],[0,0],[0,-0.553],[0,0]],"o":[[0,0],[0,-0.553],[0,0],[-2.368,0],[-0.552,0],[0,0],[0,0]],"v":[[8,3.14],[8.014,-0.265],[7.014,-1.265],[0.042,0.367],[-6.986,-1.265],[-7.986,-0.265],[-7.993,2.862]],"c":false}],"e":[{"i":[[0,0],[0,0],[0.553,0],[2.31,0],[0,0],[0,-0.553],[0,0]],"o":[[0,0],[0,-0.553],[0,0],[-2.356,0],[-0.552,0],[0,0],[0,0]],"v":[[10.049,2.195],[10.063,-3.225],[9.063,-4.225],[0.069,-3.452],[-8.924,-4.209],[-9.924,-3.209],[-9.91,2.244]],"c":false}]},{"i":{"x":0.833,"y":1},"o":{"x":0.333,"y":0},"t":64,"s":[{"i":[[0,0],[0,0],[0.553,0],[2.31,0],[0,0],[0,-0.553],[0,0]],"o":[[0,0],[0,-0.553],[0,0],[-2.356,0],[-0.552,0],[0,0],[0,0]],"v":[[10.049,2.195],[10.063,-3.225],[9.063,-4.225],[0.069,-3.452],[-8.924,-4.209],[-9.924,-3.209],[-9.91,2.244]],"c":false}],"e":[{"i":[[0,0],[0,0],[0.553,0],[2.303,0],[0,0],[0,-0.553],[-0.003,-2.177]],"o":[[0.023,-1.743],[0,-0.553],[0,0],[-2.371,0],[-0.552,0],[0,0],[0,0]],"v":[[8.347,1.842],[8.33,-2.185],[7.33,-3.185],[0.102,-2.761],[-7.4,-3.183],[-8.4,-2.183],[-8.394,1.972]],"c":false}]},{"i":{"x":0.667,"y":1},"o":{"x":0.167,"y":0},"t":74,"s":[{"i":[[0,0],[0,0],[0.553,0],[2.303,0],[0,0],[0,-0.553],[-0.003,-2.177]],"o":[[0.023,-1.743],[0,-0.553],[0,0],[-2.371,0],[-0.552,0],[0,0],[0,0]],"v":[[8.347,1.842],[8.33,-2.185],[7.33,-3.185],[0.102,-2.761],[-7.4,-3.183],[-8.4,-2.183],[-8.394,1.972]],"c":false}],"e":[{"i":[[0,0],[0,0],[0.553,0],[2.302,0],[0,0],[0,-0.553],[-0.003,-2.352]],"o":[[0.024,-1.883],[0,-0.553],[0,0],[-2.372,0],[-0.552,0],[0,0],[0,0]],"v":[[8.205,0.799],[8.191,-2.101],[7.191,-3.101],[0.104,-2.706],[-7.278,-3.101],[-8.278,-2.101],[-8.278,0.956]],"c":false}]},{"i":{"x":0.667,"y":1},"o":{"x":0.333,"y":0},"t":76,"s":[{"i":[[0,0],[0,0],[0.553,0],[2.302,0],[0,0],[0,-0.553],[-0.003,-2.352]],"o":[[0.024,-1.883],[0,-0.553],[0,0],[-2.372,0],[-0.552,0],[0,0],[0,0]],"v":[[8.205,0.799],[8.191,-2.101],[7.191,-3.101],[0.104,-2.706],[-7.278,-3.101],[-8.278,-2.101],[-8.278,0.956]],"c":false}],"e":[{"i":[[0,0],[0,0],[0.553,0],[0,0],[0,0],[0,-0.553],[0,0]],"o":[[0,0],[0,-0.553],[0,0],[0,0],[-0.552,0],[0,0],[0,0]],"v":[[8.007,2.029],[8,-2.105],[7,-3.105],[0.104,-3.105],[-7,-3.105],[-8,-2.105],[-8.014,2.202]],"c":false}]},{"t":86}],"ix":2},"nm":"Path 1","mn":"ADBE Vector Shape - Group","hd":false},{"ty":"st","c":{"a":0,"k":[0,0,0,1],"ix":3},"o":{"a":0,"k":100,"ix":4},"w":{"a":1,"k":[{"i":{"x":[0.19],"y":[1]},"o":{"x":[0.333],"y":[0]},"t":20,"s":[0],"e":[0]},{"i":{"x":[0.19],"y":[1]},"o":{"x":[0.11],"y":[0]},"t":24,"s":[0],"e":[2]},{"t":32}],"ix":5},"lc":2,"lj":2,"bm":0,"nm":"Stroke 1","mn":"ADBE Vector Graphic - Stroke","hd":false},{"ty":"tr","p":{"a":0,"k":[10,5.105],"ix":2},"a":{"a":0,"k":[0,0],"ix":1},"s":{"a":0,"k":[100,100],"ix":3},"r":{"a":0,"k":0,"ix":6},"o":{"a":0,"k":100,"ix":7},"sk":{"a":0,"k":0,"ix":4},"sa":{"a":0,"k":0,"ix":5},"nm":"Transform"}],"nm":"Group 1","np":2,"cix":2,"bm":0,"ix":1,"mn":"ADBE Vector Group","hd":false},{"ty":"fl","c":{"a":0,"k":[1,1,1,1],"ix":4},"o":{"a":1,"k":[{"i":{"x":[0.667],"y":[1]},"o":{"x":[0.333],"y":[0]},"t":20,"s":[0],"e":[100]},{"t":24}],"ix":5},"r":1,"bm":0,"nm":"Fill 1","mn":"ADBE Vector Graphic - Fill","hd":false}],"ip":20,"op":300,"st":0,"bm":0},{"ddd":0,"ind":6,"ty":4,"nm":"Email body","sr":1,"ks":{"o":{"a":0,"k":100,"ix":11},"r":{"a":0,"k":0,"ix":10},"p":{"a":1,"k":[{"i":{"x":0.21,"y":1},"o":{"x":0.21,"y":0},"t":0,"s":[24,24,0],"e":[24,28,0],"to":[0,0.667,0],"ti":[0,-0.667,0]},{"i":{"x":0.19,"y":0.19},"o":{"x":0.21,"y":0.21},"t":20,"s":[24,28,0],"e":[24,28,0],"to":[0,0,0],"ti":[0,0,0]},{"i":{"x":0.19,"y":1},"o":{"x":0.12,"y":0},"t":24,"s":[24,28,0],"e":[24,20,0],"to":[0,-1.333,0],"ti":[0,1.5,0]},{"i":{"x":0.81,"y":1},"o":{"x":0.12,"y":0},"t":32,"s":[24,20,0],"e":[24,19,0],"to":[0,-1.5,0],"ti":[0,-1.333,0]},{"i":{"x":0.81,"y":1},"o":{"x":0.8,"y":0},"t":44,"s":[24,19,0],"e":[24,28,0],"to":[0,1.333,0],"ti":[0,-1,0]},{"i":{"x":0.667,"y":1},"o":{"x":0.8,"y":0},"t":56,"s":[24,28,0],"e":[24,25,0],"to":[0,1,0],"ti":[0,0.667,0]},{"i":{"x":0.667,"y":1},"o":{"x":0.333,"y":0},"t":64,"s":[24,25,0],"e":[24,24,0],"to":[0,-0.667,0],"ti":[0,0.167,0]},{"i":{"x":0.667,"y":0.667},"o":{"x":0.333,"y":0.333},"t":76,"s":[24,24,0],"e":[24,24,0],"to":[0,0,0],"ti":[0,0,0]},{"t":86}],"ix":2},"a":{"a":0,"k":[12,9.106,0],"ix":1},"s":{"a":0,"k":[100,100,100],"ix":6}},"ao":0,"shapes":[{"ty":"gr","it":[{"ind":0,"ty":"sh","ix":1,"ks":{"a":1,"k":[{"i":{"x":0.21,"y":1},"o":{"x":0.21,"y":0},"t":0,"s":[{"i":[[-0.552,0],[0,0],[0,0],[0,-0.552],[0,0],[0,0],[0.553,0],[0,0],[0,0],[0,0.552],[0,0],[0,0]],"o":[[0,0],[0,0],[0.553,0],[0,0],[0,0],[0,0.552],[0,0],[0,0],[-0.552,0],[0,0],[0,0],[0,-0.552]],"v":[[-9,-7.105],[0.031,-7.105],[9,-7.105],[10,-6.105],[10,0],[10,6.105],[9,7.105],[0,7.105],[-9,7.105],[-10,6.105],[-10,-0.063],[-10,-6.105]],"c":true}],"e":[{"i":[[-0.552,0],[-3.344,-0.002],[0,0],[-0.154,-0.446],[0,-2.035],[0.665,-2.052],[0.553,0],[0,0],[0,0],[0.14,0.45],[0,2.056],[-0.618,1.963]],"o":[[0,0],[2.99,0.002],[0.553,0],[0.657,1.905],[0,2.035],[-0.145,0.448],[0,0],[0,0],[-0.552,0],[-0.62,-1.999],[0,-2.014],[0.141,-0.45]],"v":[[-10,-7.117],[0.031,-5.98],[10.031,-7.117],[11.281,-6.121],[12.406,-0.23],[11.594,6.082],[10.031,7.094],[0,7.105],[-10,7.094],[-11.469,6.082],[-12.219,-0.066],[-11.219,-6.121]],"c":true}]},{"i":{"x":0.7,"y":1},"o":{"x":0.3,"y":0},"t":20,"s":[{"i":[[-0.552,0],[-3.344,-0.002],[0,0],[-0.154,-0.446],[0,-2.035],[0.665,-2.052],[0.553,0],[0,0],[0,0],[0.14,0.45],[0,2.056],[-0.618,1.963]],"o":[[0,0],[2.99,0.002],[0.553,0],[0.657,1.905],[0,2.035],[-0.145,0.448],[0,0],[0,0],[-0.552,0],[-0.62,-1.999],[0,-2.014],[0.141,-0.45]],"v":[[-10,-7.117],[0.031,-5.98],[10.031,-7.117],[11.281,-6.121],[12.406,-0.23],[11.594,6.082],[10.031,7.094],[0,7.105],[-10,7.094],[-11.469,6.082],[-12.219,-0.066],[-11.219,-6.121]],"c":true}],"e":[{"i":[[-0.552,0],[-3.344,-0.002],[0,0],[-0.154,-0.446],[0,-2.035],[0.665,-2.052],[0.553,0],[0,0],[0,0],[0.14,0.45],[0,2.056],[-0.618,1.963]],"o":[[0,0],[2.99,0.002],[0.553,0],[0.657,1.905],[0,2.035],[-0.145,0.448],[0,0],[0,0],[-0.552,0],[-0.62,-1.999],[0,-2.014],[0.141,-0.45]],"v":[[-10,-7.117],[0.031,-5.98],[10.031,-7.117],[11.281,-6.121],[12.406,-0.23],[11.594,6.082],[10.031,7.094],[0,7.105],[-10,7.094],[-11.469,6.082],[-12.219,-0.066],[-11.219,-6.121]],"c":true}]},{"i":{"x":0.19,"y":1},"o":{"x":0.12,"y":0},"t":24,"s":[{"i":[[-0.552,0],[-3.344,-0.002],[0,0],[-0.154,-0.446],[0,-2.035],[0.665,-2.052],[0.553,0],[0,0],[0,0],[0.14,0.45],[0,2.056],[-0.618,1.963]],"o":[[0,0],[2.99,0.002],[0.553,0],[0.657,1.905],[0,2.035],[-0.145,0.448],[0,0],[0,0],[-0.552,0],[-0.62,-1.999],[0,-2.014],[0.141,-0.45]],"v":[[-10,-7.117],[0.031,-5.98],[10.031,-7.117],[11.281,-6.121],[12.406,-0.23],[11.594,6.082],[10.031,7.094],[0,7.105],[-10,7.094],[-11.469,6.082],[-12.219,-0.066],[-11.219,-6.121]],"c":true}],"e":[{"i":[[-0.552,0],[-3.01,0],[0,0],[0,-0.552],[0,-2.035],[0,0],[0.553,0],[3.063,-0.012],[0,0],[0,0.552],[0,2.556],[0,0]],"o":[[0,0],[2.99,0],[0.553,0],[0,0],[0,2.535],[0,0],[0,0],[-2.907,0.011],[-0.552,0],[0,0],[0,-2.014],[0,-0.552]],"v":[[-8.156,-7.082],[0.031,-7.105],[8.281,-7.098],[9.281,-6.098],[9.25,0.875],[9,7.605],[7.031,10.074],[0.031,10.949],[-6.906,10.074],[-9,7.637],[-9.125,0.656],[-9.156,-6.082]],"c":true}]},{"i":{"x":0.81,"y":1},"o":{"x":0.3,"y":0},"t":32,"s":[{"i":[[-0.552,0],[-3.01,0],[0,0],[0,-0.552],[0,-2.035],[0,0],[0.553,0],[3.063,-0.012],[0,0],[0,0.552],[0,2.556],[0,0]],"o":[[0,0],[2.99,0],[0.553,0],[0,0],[0,2.535],[0,0],[0,0],[-2.907,0.011],[-0.552,0],[0,0],[0,-2.014],[0,-0.552]],"v":[[-8.156,-7.082],[0.031,-7.105],[8.281,-7.098],[9.281,-6.098],[9.25,0.875],[9,7.605],[7.031,10.074],[0.031,10.949],[-6.906,10.074],[-9,7.637],[-9.125,0.656],[-9.156,-6.082]],"c":true}],"e":[{"i":[[-0.552,0],[-3.01,0],[0,0],[0,-0.552],[-0.025,-2.035],[0,0],[0.553,0],[3,0],[0,0],[0,0.552],[0.005,2.066],[0,0]],"o":[[0,0],[2.99,0],[0.553,0],[0,0],[0.027,2.192],[0,0.552],[0,0],[-3,0],[-0.552,0],[0,0],[-0.005,-2.22],[0,-0.552]],"v":[[-9,-7.105],[0.031,-5.918],[9,-7.105],[10,-6.105],[9.563,0.688],[10.156,6.574],[7.688,8.105],[0.031,8.512],[-7.094,8.105],[-9.969,6.699],[-9.5,0.594],[-10,-6.105]],"c":true}]},{"i":{"x":0.81,"y":1},"o":{"x":0.8,"y":0},"t":44,"s":[{"i":[[-0.552,0],[-3.01,0],[0,0],[0,-0.552],[-0.025,-2.035],[0,0],[0.553,0],[3,0],[0,0],[0,0.552],[0.005,2.066],[0,0]],"o":[[0,0],[2.99,0],[0.553,0],[0,0],[0.027,2.192],[0,0.552],[0,0],[-3,0],[-0.552,0],[0,0],[-0.005,-2.22],[0,-0.552]],"v":[[-9,-7.105],[0.031,-5.918],[9,-7.105],[10,-6.105],[9.563,0.688],[10.156,6.574],[7.688,8.105],[0.031,8.512],[-7.094,8.105],[-9.969,6.699],[-9.5,0.594],[-10,-6.105]],"c":true}],"e":[{"i":[[-0.552,0],[-3.01,0],[0,0],[0,-0.552],[-0.025,-2.035],[0,0],[0.553,0],[3,0],[0,0],[0,0.552],[0.005,2.066],[0,0]],"o":[[0,0],[2.99,0],[0.553,0],[0,0],[0.027,2.192],[0,0.552],[0,0],[-3,0],[-0.552,0],[0,0],[-0.005,-2.22],[0,-0.552]],"v":[[-9,-7.105],[0.031,-5.918],[9,-7.105],[10,-6.105],[10.563,0.688],[10.156,6.574],[7.656,7.668],[0,8.074],[-7.125,7.668],[-9.969,6.699],[-10.375,0.582],[-10,-6.105]],"c":true}]},{"i":{"x":0.667,"y":1},"o":{"x":0.8,"y":0},"t":56,"s":[{"i":[[-0.552,0],[-3.01,0],[0,0],[0,-0.552],[-0.025,-2.035],[0,0],[0.553,0],[3,0],[0,0],[0,0.552],[0.005,2.066],[0,0]],"o":[[0,0],[2.99,0],[0.553,0],[0,0],[0.027,2.192],[0,0.552],[0,0],[-3,0],[-0.552,0],[0,0],[-0.005,-2.22],[0,-0.552]],"v":[[-9,-7.105],[0.031,-5.918],[9,-7.105],[10,-6.105],[10.563,0.688],[10.156,6.574],[7.656,7.668],[0,8.074],[-7.125,7.668],[-9.969,6.699],[-10.375,0.582],[-10,-6.105]],"c":true}],"e":[{"i":[[-0.552,0],[-3.344,-0.002],[0,0],[-0.154,-0.446],[0,-2.035],[0.665,-2.052],[0.553,0],[0,0],[0,0],[0.14,0.45],[0,2.056],[-0.618,1.963]],"o":[[0,0],[2.99,0.002],[0.553,0],[0.657,1.905],[0,2.035],[-0.145,0.448],[0,0],[0,0],[-0.552,0],[-0.62,-1.999],[0,-2.014],[0.141,-0.45]],"v":[[-8.75,-7.102],[0.031,-5.98],[8.719,-7.094],[9.969,-6.098],[11.094,-0.207],[10.281,6.105],[8.719,7.117],[0,7.105],[-8.75,7.109],[-10.219,6.097],[-10.969,-0.051],[-9.969,-6.106]],"c":true}]},{"i":{"x":0.667,"y":1},"o":{"x":0.333,"y":0},"t":64,"s":[{"i":[[-0.552,0],[-3.344,-0.002],[0,0],[-0.154,-0.446],[0,-2.035],[0.665,-2.052],[0.553,0],[0,0],[0,0],[0.14,0.45],[0,2.056],[-0.618,1.963]],"o":[[0,0],[2.99,0.002],[0.553,0],[0.657,1.905],[0,2.035],[-0.145,0.448],[0,0],[0,0],[-0.552,0],[-0.62,-1.999],[0,-2.014],[0.141,-0.45]],"v":[[-8.75,-7.102],[0.031,-5.98],[8.719,-7.094],[9.969,-6.098],[11.094,-0.207],[10.281,6.105],[8.719,7.117],[0,7.105],[-8.75,7.109],[-10.219,6.097],[-10.969,-0.051],[-9.969,-6.106]],"c":true}],"e":[{"i":[[-0.552,0],[0,0],[0,0],[0,-0.552],[0,-2.035],[0,0],[0.553,0],[3.135,0],[0,0],[0,0.552],[0,2.056],[0,0]],"o":[[0,0],[0,0],[0.553,0],[0,0],[0,2.035],[0,0.552],[0,0],[-3.083,0],[-0.552,0],[0,0],[0,-2.014],[0,-0.552]],"v":[[-9.031,-7.121],[0.031,-7.105],[8.906,-7.121],[9.906,-6.121],[9.906,-0.004],[10,6.082],[9,7.082],[0,6.887],[-9.094,7.082],[-10.094,6.082],[-10.031,-0.16],[-10.031,-6.121]],"c":true}]},{"i":{"x":0.667,"y":1},"o":{"x":0.333,"y":0},"t":76,"s":[{"i":[[-0.552,0],[0,0],[0,0],[0,-0.552],[0,-2.035],[0,0],[0.553,0],[3.135,0],[0,0],[0,0.552],[0,2.056],[0,0]],"o":[[0,0],[0,0],[0.553,0],[0,0],[0,2.035],[0,0.552],[0,0],[-3.083,0],[-0.552,0],[0,0],[0,-2.014],[0,-0.552]],"v":[[-9.031,-7.121],[0.031,-7.105],[8.906,-7.121],[9.906,-6.121],[9.906,-0.004],[10,6.082],[9,7.082],[0,6.887],[-9.094,7.082],[-10.094,6.082],[-10.031,-0.16],[-10.031,-6.121]],"c":true}],"e":[{"i":[[-0.552,0],[0,0],[0,0],[0,-0.552],[0,0],[0,0],[0.553,0],[0,0],[0,0],[0,0.552],[0,0],[0,0]],"o":[[0,0],[0,0],[0.553,0],[0,0],[0,0],[0,0.552],[0,0],[0,0],[-0.552,0],[0,0],[0,0],[0,-0.552]],"v":[[-9,-7.105],[0.031,-7.105],[9,-7.105],[10,-6.105],[10,0],[10,6.105],[9,7.105],[0,7.105],[-9,7.105],[-10,6.105],[-10,-0.063],[-10,-6.105]],"c":true}]},{"t":86}],"ix":2},"nm":"Path 1","mn":"ADBE Vector Shape - Group","hd":false},{"ty":"st","c":{"a":0,"k":[0,0,0,1],"ix":3},"o":{"a":0,"k":100,"ix":4},"w":{"a":0,"k":2,"ix":5},"lc":2,"lj":2,"bm":0,"nm":"Stroke 1","mn":"ADBE Vector Graphic - Stroke","hd":false},{"ty":"tr","p":{"a":0,"k":[12,9.106],"ix":2},"a":{"a":0,"k":[0,0],"ix":1},"s":{"a":0,"k":[100,100],"ix":3},"r":{"a":0,"k":0,"ix":6},"o":{"a":0,"k":100,"ix":7},"sk":{"a":0,"k":0,"ix":4},"sa":{"a":0,"k":0,"ix":5},"nm":"Transform"}],"nm":"Group 1","np":2,"cix":2,"bm":0,"ix":1,"mn":"ADBE Vector Group","hd":false}],"ip":0,"op":300,"st":0,"bm":0},{"ddd":0,"ind":7,"ty":4,"nm":"Circle","sr":1,"ks":{"o":{"a":0,"k":100,"ix":11},"r":{"a":0,"k":0,"ix":10},"p":{"a":0,"k":[24,24,0],"ix":2},"a":{"a":0,"k":[25,25,0],"ix":1},"s":{"a":0,"k":[100,100,100],"ix":6}},"ao":0,"shapes":[{"ty":"gr","it":[{"ind":0,"ty":"sh","ix":1,"ks":{"a":0,"k":{"i":[[-12.703,0],[0,-12.703],[12.702,0],[0,12.702]],"o":[[12.702,0],[0,12.702],[-12.703,0],[0,-12.703]],"v":[[0,-23],[23,0],[0,23],[-23,0]],"c":true},"ix":2},"nm":"Path 1","mn":"ADBE Vector Shape - Group","hd":false},{"ty":"st","c":{"a":0,"k":[0,0,0,1],"ix":3},"o":{"a":0,"k":100,"ix":4},"w":{"a":0,"k":2,"ix":5},"lc":1,"lj":1,"ml":4,"bm":0,"nm":"Stroke 1","mn":"ADBE Vector Graphic - Stroke","hd":false},{"ty":"tr","p":{"a":0,"k":[25,25],"ix":2},"a":{"a":0,"k":[0,0],"ix":1},"s":{"a":0,"k":[100,100],"ix":3},"r":{"a":0,"k":0,"ix":6},"o":{"a":0,"k":100,"ix":7},"sk":{"a":0,"k":0,"ix":4},"sa":{"a":0,"k":0,"ix":5},"nm":"Transform"}],"nm":"Group 1","np":2,"cix":2,"bm":0,"ix":1,"mn":"ADBE Vector Group","hd":false}],"ip":0,"op":300,"st":0,"bm":0}],"markers":[]}